{
    "id": 1,
    "parentId": -1,
    "label": "snippets",
    "lastId": 154,
    "children": [
        {
            "id": 2,
            "parentId": 1,
            "label": "Bootstrap Components",
            "folder": true,
            "children": [
                {
                    "id": 16,
                    "parentId": 2,
                    "label": "Alerts",
                    "folder": true,
                    "children": [
                        {
                            "id": 139,
                            "parentId": 16,
                            "label": "JS Behavior",
                            "folder": true,
                            "children": [
                                {
                                    "id": 140,
                                    "parentId": 139,
                                    "label": "Trigger Alert",
                                    "value": "$('.alert').alert()",
                                    "children": []
                                }
                            ]
                        },
                        {
                            "id": 3,
                            "parentId": 16,
                            "label": "Primary Alert",
                            "value": "<div class=\"alert alert-primary\" role=\"alert\">\n  This is a primary alert—check it out!\n</div>",
                            "children": []
                        },
                        {
                            "id": 5,
                            "parentId": 16,
                            "label": "Warning Alert",
                            "value": "<div class='alert warn-success' role='alert'></div>",
                            "children": []
                        },
                        {
                            "id": 4,
                            "parentId": 16,
                            "label": "Additional Content",
                            "value": "<div class=\"alert alert-success\" role=\"alert\">\n  <h4 class=\"alert-heading\">Well done!</h4>\n  <p>Aww yeah, you successfully read this important alert message. This example text is going to run a bit longer so that you can see how spacing within an alert works with this kind of content.</p>\n  <hr>\n  <p class=\"mb-0\">Whenever you need to, be sure to use margin utilities to keep things nice and tidy.</p>\n</div>",
                            "children": []
                        }
                    ]
                },
                {
                    "id": 6,
                    "parentId": 2,
                    "label": "Cards",
                    "folder": true,
                    "children": [
                        {
                            "id": 30,
                            "parentId": 6,
                            "label": "Cool Snippet",
                            "value": "\"for (const ${2:element} of ${1:array}) {\n\\t$0\n}\"",
                            "children": []
                        },
                        {
                            "id": 142,
                            "parentId": 6,
                            "label": "Basic Card",
                            "value": "<div class=\"card\" style=\"width: 18rem;\">\r\n  <img class=\"card-img-top\" src=\"...\" alt=\"Card image cap\">\r\n  <div class=\"card-body\">\r\n    <h5 class=\"card-title\">Card title</h5>\r\n    <p class=\"card-text\">Some quick example text to build on the card title and make up the bulk of the card's content.</p>\r\n    <a href=\"#\" class=\"btn btn-primary\">Go somewhere</a>\r\n  </div>\r\n</div>",
                            "children": []
                        }
                    ]
                },
                {
                    "id": 145,
                    "parentId": 2,
                    "label": "Dropbdowns",
                    "folder": true,
                    "children": []
                },
                {
                    "id": 146,
                    "parentId": 2,
                    "label": "Navbar",
                    "folder": true,
                    "children": [
                        {
                            "id": 147,
                            "parentId": 146,
                            "label": "Navbar with text and image",
                            "value": "<!-- Image and text -->\r\n<nav class=\"navbar navbar-light bg-light\">\r\n  <a class=\"navbar-brand\" href=\"#\">\r\n    <img src=\"/docs/4.0/assets/brand/bootstrap-solid.svg\" width=\"30\" height=\"30\" class=\"d-inline-block align-top\" alt=\"\">\r\n    Bootstrap\r\n  </a>\r\n</nav>",
                            "children": []
                        },
                        {
                            "id": 148,
                            "parentId": 146,
                            "label": "Responsive Navbar",
                            "value": "<nav class=\"navbar navbar-expand-lg navbar-light bg-light\">\r\n  <button class=\"navbar-toggler\" type=\"button\" data-toggle=\"collapse\" data-target=\"#navbarTogglerDemo01\" aria-controls=\"navbarTogglerDemo01\" aria-expanded=\"false\" aria-label=\"Toggle navigation\">\r\n    <span class=\"navbar-toggler-icon\"></span>\r\n  </button>\r\n  <div class=\"collapse navbar-collapse\" id=\"navbarTogglerDemo01\">\r\n    <a class=\"navbar-brand\" href=\"#\">Hidden brand</a>\r\n    <ul class=\"navbar-nav mr-auto mt-2 mt-lg-0\">\r\n      <li class=\"nav-item active\">\r\n        <a class=\"nav-link\" href=\"#\">Home <span class=\"sr-only\">(current)</span></a>\r\n      </li>\r\n      <li class=\"nav-item\">\r\n        <a class=\"nav-link\" href=\"#\">Link</a>\r\n      </li>\r\n      <li class=\"nav-item\">\r\n        <a class=\"nav-link disabled\" href=\"#\">Disabled</a>\r\n      </li>\r\n    </ul>\r\n    <form class=\"form-inline my-2 my-lg-0\">\r\n      <input class=\"form-control mr-sm-2\" type=\"search\" placeholder=\"Search\" aria-label=\"Search\">\r\n      <button class=\"btn btn-outline-success my-2 my-sm-0\" type=\"submit\">Search</button>\r\n    </form>\r\n  </div>\r\n</nav>",
                            "children": []
                        }
                    ]
                }
            ]
        },
        {
            "id": 143,
            "parentId": 1,
            "label": "Terminal Commands",
            "folder": true,
            "children": [
                {
                    "id": 144,
                    "parentId": 143,
                    "label": "List files in parent folder",
                    "value": "ls ..",
                    "children": []
                }
            ]
        }
    ]
}