{
  "NuxtWelcome": {
    "prefix": "NuxtWelcome",
    "body": [
      "<NuxtWelcome />"
    ],
    "description": "The <NuxtWelcome> component greets users in new projects made from the starter template. It includes links to the Nuxt documentation, source code, and social media accounts."
  },
  "NuxtPage": {
    "prefix": "NuxtPage",
    "body": [
      "<NuxtPage />"
    ],
    "description": "<NuxtPage> is a built-in component that comes with Nuxt. NuxtPage is required to display top-level or nested pages located in the pages/ directory."
  },
  "NuxtLink": {
    "prefix": "NuxtLink",
    "body": [
      "<NuxtLink to=\"$1\">$0</NuxtLink>"
    ],
    "description": "Nuxt provides <NuxtLink> component to handle any kind of links within your application."
  },
  "NuxtLayout": {
    "prefix": "NuxtLayout",
    "body": [
      "<NuxtLayout>",
      "</NuxtLayout>"
    ],
    "description": "<NuxtLayout /> can be used to override default layout on app.vue, error.vue or even page components found in the /pages directory."
  },
  "NuxtErrorBoundary": {
    "prefix": "NuxtErrorBoundary",
    "body": [
      "<NuxtErrorBoundary>",
      "</NuxtErrorBoundary>"
    ],
    "description": "The <NuxtErrorBoundary> component handles client-side errors happening in its default slot, using Vue's onErrorCaptured hook."
  },
  "NuxtLoadingIndicator": {
    "prefix": "NuxtLoadingIndicator",
    "body": [
      "<NuxtLoadingIndicator />"
    ],
    "description": "The <NuxtLoadingIndicator> component displays a progress bar on page navigation."
  },
  "ClientOnly": {
    "prefix": "ClientOnly",
    "body": [
      "<ClientOnly>",
      "</ClientOnly>"
    ],
    "description": "The <ClientOnly> component renders its slot only in client-side. To import a component only on the client, register the component in a client-side only plugin."
  }
}
