{
  "tailwind-base": {
    "prefix": "tailwindBase",
    "body": [
      "@tailwind base;",
      "@tailwind components;",
      "@tailwind utilities;"
    ],
    "description": "An opinionated set of base styles for Tailwind projects."
  },
  "aspect-ratio": {
    "prefix": "aspect-ratio",
    "body": [
      "aspect-${1|auto, square, video|}"
    ],
    "description": "aspect-ratio"
  },
  "aspect-arbitrary": {
    "prefix": "aspectArbitrary",
    "body": [
      "aspect-[$1] $0"
    ],
    "description": "aspect arbitrary values"
  },
  "container": {
    "prefix": "container",
    "body": [
      "container"
    ],
    "description": "container => sm(640px), md(768px), lg(1024px), xl(1280px), 2xl(1536px) and use max-width overall"
  }
}
