{
    "allow": {
        "prefix": "allow",
        "body": ["#![allow(${1})]"],
        "description": "#![allow(…)]"
    },
    "deny": {
        "prefix": "deny",
        "body": ["#![deny(${1})]"],
        "description": "#![deny(…)]"
    },
    "warn": {
        "prefix": "warn",
        "body": ["#![warn(${1})]"],
        "description": "#![warn(…)]"
    },
    "no_std": {
        "prefix": "no_std",
        "body": ["#![no_std]"],
        "description": "#![no_std]"
    },
    "no_core": {
        "prefix": "no_core",
        "body": ["#![no_core]"],
        "description": "#![no_core]"
    },
    "feature": {
        "prefix": "feature",
        "body": ["#![feature(${1})]"],
        "description": "#![feature(…)]"
    },
    "macro_use": {
        "prefix": "macro_use",
        "body": ["#[macro_use(${1})]"],
        "description": "#[macro_use(…)]"
    },
    "repr": {
        "prefix": "repr",
        "body": ["#[repr(${1})]"],
        "description": "#[repr(…)]"
    },
    "cfg": {
        "prefix": "cfg",
        "body": ["#[cfg(${1})]"],
        "description": "#[cfg(…)]"
    },
    "cfg_attr": {
        "prefix": "cfg_attr",
        "body": ["#[cfg_attr(${1}, ${2})]"],
        "description": "#[cfg_attr(…, …)]"
    },
    "cfg!": {
        "prefix": "cfg!",
        "body": ["cfg!(${1})"],
        "description": "cfg!(…)"
    },
    "column": {
        "prefix": "column",
        "body": ["column!()"],
        "description": "column!()"
    },
    "concat": {
        "prefix": "concat",
        "body": ["concat!(${1})"],
        "description": "concat!(…)"
    },
    "concat_idents": {
        "prefix": "concat_idents",
        "body": ["concat_idents!(${1})"],
        "description": "concat_idents!(…)"
    },
    "debug_assert": {
        "prefix": "debug_assert",
        "body": ["debug_assert!(${1});"],
        "description": "debug_assert!(…)"
    },
    "debug_assert_eq": {
        "prefix": "debug_assert_eq",
        "body": ["debug_assert_eq!(${1}, ${2});"],
        "description": "debug_assert_eq!(…, …)"
    },
    "env": {
        "prefix": "env",
        "body": ["env!(\"${1}\")"],
        "description": "env!(\"…\")"
    },
    "file": {
        "prefix": "file",
        "body": ["file!()"],
        "description": "file!()"
    },
    "format": {
        "prefix": "format",
        "body": ["format!(\"${1}\")"],
        "description": "format!(…)"
    },
    "format_args": {
        "prefix": "format_args",
        "body": ["format_args!(\"${1}\")"],
        "description": "format_args!(…)"
    },
    "include": {
        "prefix": "include",
        "body": ["include!(\"${1}\");"],
        "description": "include!(\"…\");"
    },
    "include_bytes": {
        "prefix": "include_bytes",
        "body": ["include_bytes!(\"${1}\")"],
        "description": "include_bytes!(\"…\")"
    },
    "include_str": {
        "prefix": "include_str",
        "body": ["include_str!(\"${1}\")"],
        "description": "include_str!(\"…\")"
    },
    "line": {
        "prefix": "line",
        "body": ["line!()"],
        "description": "line!()"
    },
    "module_path": {
        "prefix": "module_path",
        "body": ["module_path!()"],
        "description": "module_path!()"
    },
    "option_env": {
        "prefix": "option_env",
        "body": ["option_env!(\"${1}\")"],
        "description": "option_env!(\"…\")"
    },
    "panic": {
        "prefix": "panic",
        "body": ["panic!(\"${1}\");"],
        "description": "panic!(…);"
    },
    "print": {
        "prefix": "print",
        "body": ["print!(\"${1}\");"],
        "description": "print!(…);"
    },
    "println": {
        "prefix": "println",
        "body": ["println!(\"${1}\");"],
        "description": "println!(…);"
    },
    "stringify": {
        "prefix": "stringify",
        "body": ["stringify!(${1})"],
        "description": "stringify!(…)"
    },
    "thread_local": {
        "prefix": "thread_local",
        "body": ["thread_local!(static ${1:STATIC}: ${2:Type} = ${4:init});"],
        "description": "thread_local!(static …: … = …);"
    },
    "try": {
        "prefix": "try",
        "body": ["try!(${1})"],
        "description": "try!(…)"
    },
    "unimplemented": {
        "prefix": "unimplemented",
        "body": ["unimplemented!()"],
        "description": "unimplemented!()"
    },
    "unreachable": {
        "prefix": "unreachable",
        "body": ["unreachable!(${1})"],
        "description": "unreachable!(…)"
    },
    "vec": {
        "prefix": "vec",
        "body": ["vec![${1}]"],
        "description": "vec![…]"
    },
    "write": {
        "prefix": "write",
        "body": ["write!(${1}, \"${2}\")"],
        "description": "write!(…)"
    },
    "writeln": {
        "prefix": "writeln",
        "body": ["writeln!(${1}, \"${2}\")"],
        "description": "writeln!(…, …)"
    },
    "assert": {
        "prefix": "assert",
        "body": ["assert!(${1});"],
        "description": "assert!(…);"
    },
    "assert_eq": {
        "prefix": "assert_eq",
        "body": ["assert_eq!(${1}, ${2});"],
        "description": "assert_eq!(…, …);"
    },
    "bench": {
        "prefix": "bench",
        "body": [
            "#[bench]",
            "fn ${1:name}(b: &mut test::Bencher) {",
            "    ${2:b.iter(|| ${3:/* benchmark code */})}",
            "}"
        ],
        "description": "#[bench]"
    },
    "const": {
        "prefix": "const",
        "body": ["const ${1:CONST}: ${2:Type} = ${4:init};"],
        "description": "const …: … = …;"
    },
    "derive": {
        "prefix": "derive",
        "body": ["#[derive(${1})]"],
        "description": "#[derive(…)]"
    },
    "enum": {
        "prefix": "enum",
        "body": [
            "#[derive(Debug)]",
            "enum ${1:Name} {",
            "    ${2:Variant1},",
            "    ${3:Variant2},",
            "}"
        ],
        "description": "enum … { … }"
    },
    "extern-crate": {
        "prefix": "extern-crate",
        "body": ["extern crate ${1:name};"],
        "description": "extern crate …;"
    },
    "extern-fn": {
        "prefix": "extern-fn",
        "body": [
            "extern \"C\" fn ${1:name}(${2:arg}: ${3:Type}) -> ${4:RetType} {",
            "    ${5:// add code here}",
            "}"
        ],
        "description": "extern \"C\" fn …(…) { … }"
    },
    "extern-mod": {
        "prefix": "extern-mod",
        "body": ["extern \"C\" {", "    ${2:// add code here}", "}"],
        "description": "extern \"C\" { … }"
    },
    "pfn": {
        "prefix": "pfn",
        "body": [
            "pub fn ${1:name}(${2:arg}: ${3:Type}) -> ${4:RetType} {",
            "    ${5:todo!();}",
            "}"
        ],
        "description": "pub fn …(…) { … }"
    },
    "fn": {
        "prefix": "fn",
        "body": [
            "fn ${1:name}(${2:arg}: ${3:Type}) -> ${4:RetType} {",
            "    ${5:todo!();}",
            "}"
        ],
        "description": "fn …(…) { … }"
    },
    "for": {
        "prefix": "for",
        "body": [
            "for ${1:pat} in ${2:expr} {",
            "    ${3:todo!();}",
            "}"
        ],
        "description": "for … in … { … }"
    },
    "if-let": {
        "prefix": "if-let",
        "body": [
            "if let ${1:Some(pat)} = ${2:expr} {",
            "    ${0:todo!();}",
            "}"
        ],
        "description": "if let … = … { … }"
    },
    "if": {
        "prefix": "if",
        "body": ["if ${1:condition} {", "    ${2:todo!();}", "}"],
        "description": "if … { … }"
    },
    "impl-trait": {
        "prefix": "impl-trait",
        "body": [
            "impl ${1:Trait} for ${2:Type} {",
            "    ${3:// add code here}",
            "}"
        ],
        "description": "impl … for … { … }"
    },
    "inline-fn": {
        "prefix": "inline-fn",
        "body": [
            "#[inline]",
            "pub fn ${1:name}() {",
            "    ${2:todo!();}",
            "}"
        ],
        "description": "inlined function"
    },
    "macro_rules": {
        "prefix": "macro_rules",
        "body": ["macro_rules! ${1:name} {", "    (${2}) => (${3})", "}"],
        "description": "macro_rules! … { … }"
    },
    "main": {
        "prefix": "main",
        "body": ["fn main() {", "    ${1:todo!();}", "}"],
        "description": "fn main() { … }"
    },
    "match": {
        "prefix": "match",
        "body": [
            "match ${1:expr} {}"
        ],
        "description": "match … { … }"
    },
    "mod-block": {
        "prefix": "mod-block",
        "body": ["mod ${1:name} {", "    ${2:// add code here}", "}"],
        "description": "mod … { … }"
    },
    "static": {
        "prefix": "static",
        "body": ["static ${1:STATIC}: ${2:Type} = ${4:init};"],
        "description": "static …: … = …;"
    },
    "struct-tuple": {
        "prefix": "struct-tuple",
        "body": ["struct ${1:Name}(${2:Type});"],
        "description": "struct …(…);"
    },
    "struct-unit": {
        "prefix": "struct-unit",
        "body": ["struct ${1:Name};"],
        "description": "struct …;"
    },
    "struct": {
        "prefix": "struct",
        "body": [
            "#[derive(Debug)]",
            "struct ${1:Name} {",
            "    ${2:field}: ${3:Type}",
            "}"
        ],
        "description": "struct … { … }"
    },
    "modtest": {
        "prefix": "modtest",
        "body": [
            "#[cfg(test)]",
            "mod test {",
            "    #[test]",
            "    fn ${1:name}() {",
            "        ${2:todo!();}",
            "    }",
            "}"
        ],
        "description": "#[cfg(test)]\nmod test {...}"
    },
    "test": {
        "prefix": "test",
        "body": [
            "#[test]",
            "fn ${1:name}() {",
            "    ${2:todo!();}",
            "}"
        ],
        "description": "#[test]"
    },
    "trait": {
        "prefix": "trait",
        "body": ["trait ${1:Name} {", "    ${2:// add code here}", "}", ""],
        "description": "trait … { … }"
    },
    "type": {
        "prefix": "type",
        "body": ["type ${1:Alias} = ${2:Type};"],
        "description": "type … = …;"
    },
    "while-let": {
        "prefix": "while-let",
        "body": [
            "while let ${1:Some(pat)} = ${2:expr} {",
            "    ${0:todo!();}",
            "}"
        ],
        "description": "while let … = … { … }"
    },
    "while": {
        "prefix": "while",
        "body": ["while ${1:condition} {", "    ${2:todo!();}", "}"],
        "description": "while … { … }"
    },
    "pafn": {
        "prefix": "pafn",
        "body": [
            "pub async fn ${1:name}(${2:arg}: ${3:Type}) -> ${4:RetType} {",
            "    ${5:todo!();}",
            "}"
        ],
        "description": "pub async fn …(…) { … }"
    },
    "afn": {
        "prefix": "afn",
        "body": [
            "async fn ${1:name}(${2:arg}: ${3:Type}) -> ${4:RetType} {",
            "    ${5:todo!();}",
            "}"
        ],
        "description": "async fn …(…) { … }"
    }
}
