{
    "class …": {
        "prefix": "class",
        "body": [
            "class ${1:ClassName} ${2:extends ${3:AnotherClass}} ${4:implements ${5:Interface}} {",
            "\t$0",
            "}",
            ""
        ],
        "description": "Class definition"
    },
    "PHPDoc class …": {
        "prefix": "doc_class",
        "body": [
            "/**",
            " * ${6:undocumented class}",
            " */",
            "class ${1:ClassName} ${2:extends ${3:AnotherClass}} ${4:implements ${5:Interface}} {",
            "\t$0",
            "}",
            ""
        ],
        "description": "Documented Class Declaration"
    },
    "function __construct": {
        "prefix": "con",
        "body": [
            "public function __construct(${1: priarg}) {",
            "}"
        ],
        "description": "Create __construct method using the last php syntax."
    },
    "Private argument": {
        "prefix": "priarg",
        "body": [
            "${1:private} ${2:${3:Type} \\$${4:var}${5: = ${6:null}}}"
        ],
        "description": "Private argument to use on __construct method."
    },
    "function __construct (php 7 or lower)": {
        "prefix": "con7",
        "body": [
            "public function __construct(${1:${2:Type} \\$${3:var}${4: = ${5:null}}}) {",
            "\t\\$this->${3:var} = \\$${3:var};$0",
            "}"
        ],
        "description": "Create a __construct method using syntax <= 7.4."
    },
    "PHPDoc property": {
        "prefix": "doc_v",
        "body": [
            "/** @var ${1:Type} \\$${2:var} ${3:description} */",
            "${4:protected} \\$${2:var}${5: = ${6:null}};$0"
        ],
        "description": "Documented Class Variable"
    },
    "PHPDoc function …": {
        "prefix": "doc_f",
        "body": [
            "/**",
            " * ${1:undocumented function summary}",
            " *",
            " * ${2:Undocumented function long description}",
            " *",
            "${3: * @param ${4:Type} \\$${5:var} ${6:Description}}",
            "${7: * @return ${8:type}}",
            "${9: * @throws ${10:conditon}}",
            " **/",
            "${11:public }function ${12:FunctionName}(${13:${14:${4:Type} }\\$${5:var}${15: = ${16:null}}}) {",
            "\t${0:# code...}",
            "}"
        ],
        "description": "Documented function"
    },
    "PHPDoc param …": {
        "prefix": "param",
        "body": ["* @param ${1:Type} ${2:var} ${3:Description}$0"],
        "description": "Paramater documentation"
    },
    "function …": {
        "prefix": "fun",
        "body": [
            "${1:public }function ${2:FunctionName}(${3:${4:${5:Type} }\\$${6:var}${7: = ${8:null}}}) {",
            "\t${0:# code...}",
            "}"
        ],
        "description": "Function"
    },
    "trait …": {
        "prefix": "trait",
        "body": [
            "/**",
            " * $1",
            " */",
            "trait ${2:TraitName}",
            "{",
            "\t$0",
            "}",
            ""
        ],
        "description": "Trait"
    },
    "define(…, …)": {
        "prefix": "def",
        "body": ["define('$1', ${2:'$3'});", "$0"],
        "description": "Definition"
    },
    "do … while …": {
        "prefix": "do",
        "body": [
            "do {",
            "\t${0:# code...}",
            "} while (${1:\\$${2:a} <= ${3:10}});"
        ],
        "description": "Do-While loop"
    },
    "while …": {
        "prefix": "while",
        "body": [
            "while (${1:\\$${2:a} <= ${3:10}}) {",
            "\t${0:# code...}",
            "}"
        ],
        "description": "While-loop"
    },
    "if …": {
        "prefix": "if",
        "body": ["if (${1:condition}) {", "\t${0:# code...}", "}"],
        "description": "If block"
    },
    "if … else …": {
        "prefix": "ifelse",
        "body": [
            "if (${1:condition}) {",
            "\t${2:# code...}",
            "} else {",
            "\t${3:# code...}",
            "}",
            "$0"
        ],
        "description": "If Else block"
    },
    "$… = ( … ) ? … : …": {
        "prefix": "if?",
        "body": "\\$${1:retVal} = (${2:condition}) ? ${3:a} : ${4:b} ;",
        "description": "Ternary conditional assignment"
    },
    "else …": {
        "prefix": "else",
        "body": ["else {", "\t${0:# code...}", "}"],
        "description": "Else block"
    },
    "elseif …": {
        "prefix": "elseif",
        "body": ["elseif (${1:condition}) {", "\t${0:# code...}", "}"],
        "description": "Elseif block"
    },
    "for …": {
        "prefix": "for",
        "body": [
            "for (\\$${1:i}=${2:0}; \\$${1:i} < $3; \\$${1:i}++) { ",
            "\t${0:# code...}",
            "}"
        ],
        "description": "For-loop"
    },
    "foreach …": {
        "prefix": "foreach",
        "body": [
            "foreach (\\$${1:variable} as \\$${2:key} ${3:=> \\$${4:value}}) {",
            "\t${0:# code...}",
            "}"
        ],
        "description": "Foreach loop"
    },
    "$… = array (…)": {
        "prefix": "array",
        "body": "\\$${1:arrayName} = array('$2' => $3${4:,} $0);",
        "description": "Array initializer"
    },
    "$… = […]": {
        "prefix": "shorray",
        "body": "\\$${1:arrayName} = ['$2' => $3${4:,} $0];",
        "description": "Array initializer"
    },
    "… => …": {
        "prefix": "keyval",
        "body": "'$1' => $2${3:,} $0",
        "description": "Key-Value initializer"
    },
    "switch …": {
        "prefix": "switch",
        "body": [
            "switch (\\$${1:variable}) {",
            "\tcase '${2:value}':",
            "\t\t${3:# code...}",
            "\t\tbreak;",
            "\t$0",
            "\tdefault:",
            "\t\t${4:# code...}",
            "\t\tbreak;",
            "}"
        ],
        "description": "Switch block"
    },
    "case …": {
        "prefix": "case",
        "body": ["case '${1:value}':", "\t${0:# code...}", "\tbreak;"],
        "description": "Case Block"
    },
    "$this->…": {
        "prefix": "this",
        "body": "\\$this->$0;",
        "description": "$this->..."
    },
    "echo $this->…": {
        "prefix": "ethis",
        "body": "echo \\$this->$0;",
        "description": "Echo this"
    },
    "Throw Exception": {
        "prefix": "throw",
        "body": [
            "throw new $1Exception(${2:\"${3:Error Processing Request}\"}${4:, ${5:1}});",
            "$0"
        ],
        "description": "Throw exception"
    },
    "Region Start": {
        "prefix": "#region",
        "body": ["#region"],
        "description": "Folding Region Start"
    },
    "Region End": {
        "prefix": "#endregion",
        "body": ["#endregion"],
        "description": "Folding Region End"
    },
    "Try Catch Block": {
        "prefix": "try",
        "body": [
            "try {",
            "\t${1://code...}",
            "} catch (${2:\\Throwable} ${3:\\$th}) {",
            "\t${4://throw \\$th;}",
            "}"
        ],
        "description": "Try catch block"
    },
    "Variable Dump": {
        "prefix": "vd",
        "body": ["var_dump($0);"],
        "description": "var_dump"
    }
}
